Time;U_t;V_t
0.0;1.0;0.0
0.01;0.9950108183967405;-0.9963401519304558
0.02;0.9801195913312831;-1.9787677118944367
0.03;0.9555143398062359;-2.9375416674530768
0.04;0.9214791978938551;-3.8631958833852367
0.05;0.878391193135449;-4.746632164359107
0.06;0.8267161398796807;-5.579209726239748
0.07;0.7670036003508401;-6.352829368954476
0.08;0.69988109247559;-7.060012118346754
0.09;0.6260475241750094;-7.693971371418191
0.1;0.5462659342964497;-8.248677782105727
0.11;0.4613556266072629;-8.718916356524437
0.12;0.3721837755958036;-9.100335209734125
0.13;0.27965659001415805;-9.389485507536007
0.14;0.18471011873710325;-9.583852264890918
0.15;0.08830079858026324;-9.68187568800864
0.16;-0.008604164755932939;-9.682962919665897
0.17;-0.10503648416810853;-9.58749008823369
0.18;-0.20003645094716138;-9.396794690640997
0.19;-0.2926624657825343;-9.113158427993401
0.2;-0.3820003778549606;-8.739780645816655
0.21;-0.4671724548815363;-8.280742806249231
0.22;-0.5473460162873037;-7.740964257249138
0.23;-0.6217415455490023;-7.126149841130216
0.24;-0.6896402574571786;-6.442729845670122
0.25;-0.7503910224126471;-5.697793018907162
0.26;-0.8034165864188942;-4.89901323329677
0.27;-0.8482190324145579;-4.054570629932645
0.28;-0.8843844299672518;-3.1730680347103166
0.29;-0.9115866272374936;-2.263443481794279
0.3;-0.9295901526321397;-1.3348797481548884
0.31;-0.9382522022838184;-0.39671181616231244
0.32;-0.9375236912301792;0.5416668393534123
0.33;-0.9274493716347056;1.4708981297030068
0.34;-0.9081670100218763;2.381752547221992
0.35000000000000003;-0.8799056432791665;3.2652206718327643
0.36;-0.8429829298940053;4.112602140503684
0.37;-0.7978016287493084;4.9155911668480305
0.38;-0.7448452430960597;5.6663577893976695
0.39;-0.6846728769463656;6.3576240507933335
0.4;-0.6179133582632196;6.982734369162406
0.41000000000000003;-0.5452586900564274;7.53571941747199
0.42;-0.46745689771574855;8.011352911013393
0.43;-0.38530434555345205;8.405200760678117
0.44;-0.299637603238002;8.71366212033481
0.45;-0.21132494349222705;8.934001966487571
0.46;-0.12125755728686341;9.064374915641656
0.47000000000000003;-0.03034057557962065;9.103840075067426
0.48;0.060516011493146796;9.052366814605557
0.49;0.15040644887741206;8.910831440004904
0.5;0.23843823831626385;8.68100483432022
0.51;0.32374096600886315;8.365531205841515
0.52;0.40547491177534456;7.967898275575288
0.53;0.4828392950156792;7.492399106049805
0.54;0.5550801035360007;6.944086081050523
0.55;0.6214974270566036;6.328717497185707
0.56;0.6814522179397745;5.6526973151066215
0.5700000000000001;0.7343724229860493;4.923008738569521
0.58;0.7797584193450809;4.147142257884508
0.59;0.81718770792926;3.3330189352701414
0.6;0.8463188172481109;2.4889096903959866
0.61;0.8668943866654337;1.6233514443874144
0.62;0.8787433966246347;0.7450609209933436
0.63;0.8817825287622045;-0.13715299280911014
0.64;0.8760166463805747;-1.0144774512206347
0.65;0.8615383950120039;-1.878183545133528
0.66;0.8385269277868346;-2.719713010280753
0.67;0.8072457731059528;-3.5307628863861646
0.68;0.7680398698056277;-4.303367290912017
0.6900000000000001;0.7213318035584653;-5.02997550767659
0.7000000000000001;0.6676172824211618;-5.703525624368522
0.71;0.6074599025080247;-6.31751300257886
0.72;0.5414852560786696;-6.866052910097756
0.73;0.47037444604300627;-7.343936731977355
0.74;0.3948570724048064;-7.7466812099234375
0.75;0.31570376368954967;-8.070570249342603
0.76;0.2337183286043164;-8.312688913630716
0.77;0.14972960822971004;-8.470949293161917
0.78;0.06458311398363352;-8.544108020066785
0.79;-0.020867482666430744;-8.531775320601524
0.8;-0.10576887582724347;-8.434415440836087
0.81;-0.1892766455800816;-8.253338654695984
0.8200000000000001;-0.27056363843756454;-7.990684806198135
0.8300000000000001;-0.3488281491398295;-7.649398656354139
0.84;-0.42330181315451476;-7.23319731820713
0.85;-0.4932571334830565;-6.746530093744121
0.86;-0.5580145730755617;-6.194531189763737
0.87;-0.6169491394004697;-5.582965786371147
0.88;-0.6694963998726066;-4.918170038842854
0.89;-0.7151578653994959;-4.206985579030501
0.9;-0.7535057022757841;-3.456689325893444
0.91;-0.7841867113583957;-2.674919143395445
0.92;-0.8069255572366167;-1.8695962676954365
0.93;-0.8215272006170302;-1.0488451691103584
0.9400000000000001;-0.8278785198514291;-0.22091172799332603
0.9500000000000001;-0.8259491184148694;0.6059194644888062
0.96;-0.815791292524451;1.4234078899665021
0.97;-0.7975391791843027;2.223439082375487
0.98;-0.7714070977148609;2.998105048846882
0.99;-0.7376870858706746;3.7397823081401196
1.0;-0.6967456790011404;4.4412067448617005
1.01;-0.649019962098642;5.09554464824329
1.02;-0.5950129261873197;5.69645912036984
1.03;-0.5352881885083058;6.238171274147761
1.04;-0.47046413112409485;6.715515631451184
1.05;-0.40120751957214806;7.12398923101264
1.06;-0.3282266555083875;7.4597938192492075
1.07;-0.2522641491517601;7.7198709022624294
1.08;-0.17408938406606114;7.9019294519668035
1.09;-0.09449072961526525;8.004465578643622
1.1;-0.014267596618766691;8.026774117728477
1.11;0.06577755816888936;7.968952886308587
1.12;0.14484725782639546;7.831898361610293
1.1300000000000001;0.222156934812792;7.617293528080906
1.1400000000000001;0.2969427058982563;7.3275879391375485
1.1500000000000001;0.3684689017464684;6.965970269592336
1.16;0.43603529952081893;6.536333532003191
1.17;0.4989839528932271;6.043233475893052
1.18;0.5567055898168047;5.491840502166215
1.19;0.6086454935335622;4.887885650277325
1.2;0.6543088154129871;4.237601205548343
1.21;0.693265270524762;3.547656560221685
1.22;0.7251531695329355;2.825089973244558
1.23;0.7496827531246877;2.0772369015329533
1.24;0.7666387940033764;1.3116556654161584
1.25;0.7758824465058416;0.5360511350302049
1.26;0.7773523206240645;-0.24180249887919492
1.27;0.7710647937495936;-1.0141397577831972
1.28;0.7571135300916236;-1.7732811247957456
1.29;0.7356682417463479;-2.5117093430739317
1.3;0.70697269132203;-3.222143705251343
1.31;0.67134196480542;-3.8976117140080664
1.32;0.6291590471551084;-4.531517393028013
1.33;0.5808707308909415;-5.1177055233252124
1.34;0.5269829030586057;-5.650521260198819
1.35;0.4680552779951104;-6.124864637902871
1.36;0.4046955824009868;-6.5362390668658925
1.37;0.3375533105453582;-6.8807937829281025
1.3800000000000001;0.2673130857159277;-7.155359725537561
1.3900000000000001;0.1946876911833909;-7.357478406840434
1.4000000000000001;0.1204108483946059;-7.48542357033584
1.41;0.045229817984768446;-7.5382154837652
1.42;-0.03010210505607254;-7.5156277340430515
1.43;-0.10483313262034681;-7.418186485898905
1.44;-0.17822046747932968;-7.247162207102886
1.45;-0.24953767696898788;-7.004554047358693
1.46;-0.31808186939111727;-6.693066988611429
1.47;-0.3831806113935381;-6.316082057561985
1.48;-0.44419851151000617;-5.877619910151832
1.49;-0.500543408407179;-5.382298177167673
1.5;-0.5516721019569563;-4.835283044215899
1.51;-0.5970955739349599;-4.242235553786285
1.52;-0.636383649679123;-3.6092531698764505
1.53;-0.6691690525118814;-2.942807232660969
1.54;-0.6951508150779263;-2.249676929574326
1.55;-0.7140970150856619;-1.5368804730127867
1.56;-0.725846812559449;-0.8116041599228359
1.57;-0.7303117693019378;-0.08113006313079293
1.58;-0.7274764428150228;0.6472369730625137
1.59;-0.7173982491717771;1.366242301968129
1.6;-0.7002065987142345;2.0687535779748076
1.61;-0.676101318663623;2.7478314056313935
1.62;-0.645350379221561;3.3967977626297117
1.6300000000000001;-0.60828694910998;4.009301550730834
1.6400000000000001;-0.5653058124711933;4.57938060542656
1.6500000000000001;-0.5168591888799506;5.101519619198174
1.6600000000000001;-0.4634519935320107;5.5707033521441875
1.67;-0.4056365911535479;5.982464646630037
1.68;-0.3440070939084119;6.332926697788775
1.69;-0.27919329537727233;6.6188397281207685
1.7;-0.2118541945402837;6.837610192382993
1.71;-0.14267136169714997;6.987324618853813
1.72;-0.07234202865749262;7.066765785113926
1.73;-0.0015720773553733712;7.075422067063789
1.74;0.0689310359379397;7.013489719509509
1.75;0.13846533840876757;6.881868105951574
1.76;0.20634132187630086;6.682147922043496
1.77;0.27188876737924483;6.416592571839227
1.78;0.3344633496815365;6.088112911784906
1.79;0.3934529618867865;5.700235640152313
1.8;0.44828368783023625;5.257065668999345
1.81;0.49842537316902663;4.76324289337924
1.82;0.5433967379531482;4.223893780560656
1.83;0.5827699806573178;3.6445783075237017
1.84;0.6161748306136927;3.031232787439582
1.85;0.6433020106613155;2.390109165012365
1.86;0.6639060766014502;1.727711432558991
1.87;0.677807611077567;1.0507297490920777
1.8800000000000001;0.6848947484138831;0.365972994566077
1.8900000000000001;0.6851240200917263;-0.3196995735906242
1.9000000000000001;0.6785205169995066;-0.9994469807253774
1.9100000000000001;0.6651773636259397;-1.66651463001678
1.92;0.6452545189365977;-2.3143013338135083
1.93;0.6189769139445996;-2.936424518517532
1.94;0.5866319501888172;-3.526782990110601
1.95;0.5485663871651177;-4.079616601929067
1.96;0.5051826298648718;-4.589562685459007
1.97;0.456934525499048;-5.051707219198072
1.98;0.4043226092424783;-5.461632670287561
1.99;0.3478889306729831;-5.815459904475507
2.0;0.28821148758311654;-6.109884516750079
2.0100000000000002;0.22589831535353452;-6.342207789770152
2.02;0.16158130472109658;-6.510360950200628
2.0300000000000002;0.09590980580167917;-6.612923384064528
2.04;0.029544083303276594;-6.6491342274738665
2.05;-0.03685131202066942;-6.618897251539606
2.06;-0.10261418548547935;-6.522779243347398
2.07;-0.16709129374775794;-6.362001662837541
2.08;-0.22964482267505465;-6.138425853545671
2.09;-0.2896586850176711;-5.854531941229857
2.1;-0.346544578351174;-5.513391624959368
2.11;-0.39974773988843865;-5.1186351874123925
2.12;-0.4487523443050804;-4.6744130624697675
2.13;-0.49308649239281477;-4.18535236910428
2.14;-0.5323267413980171;-3.6565088797126775
2.15;-0.5661021338021236;-3.093314883486797
2.16;-0.5940976866688159;-2.501523513629766
2.17;-0.6160573097703788;-1.8871501072921673
2.18;-0.6317861243789483;-1.256411170764739
2.19;-0.6411521594766797;-0.615661572584212
2.2;-0.6440874198629465;0.028669349106238973
2.21;-0.6405883087581993;0.6701422133391254
2.22;-0.6307154031697204;1.3023718517820007
2.23;-0.6145925972494387;1.919090746645494
2.24;-0.5924056136589232;2.514211075015355
2.25;-0.564399901476436;3.081884690188931
2.2600000000000002;-0.5308779545583043;3.6165604791607873
2.27;-0.4921960656953147;4.1130385403097565
2.2800000000000002;-0.44876055673455206;4.566520617547934
2.29;-0.40102353096317195;4.972656356723267
2.3000000000000003;-0.34947817971610684;5.327584892405736
2.31;-0.29465370195696017;5.62797140285776
2.32;-0.2371098822749701;5.871038251956723
2.33;-0.17743138720520513;6.054590466934123
2.34;-0.11622183603990843;6.177035300710779
2.35;-0.05409770425313447;6.237395715754171
2.36;0.008317874184820832;6.235317659761397
2.37;0.07040134592618133;6.1710711090620105
2.38;0.1315349578228549;6.045544888095911
2.39;0.1911128947377589;5.860235337903458
2.4;0.24854727286992567;5.61722896874145
2.41;0.30327393031559935;5.319179297252681
2.42;0.3547579584714149;4.969278119766201
2.43;0.40249891800840587;4.571221540408436
2.44;0.4460356916924432;4.129171104510039
2.45;0.48495092630279185;3.6477104386537618
2.46;0.5188750199371569;3.1317978553095696
2.47;0.5474896160362775;2.5867154181173726
2.48;0.5705305742265608;2.0180149699009227
2.49;0.5877903862643398;1.4314617151202698
2.5;0.5991200207589927;0.8329758586724305
2.5100000000000002;0.6044301753948433;0.22857294847207854
2.52;0.6036919275661653;-0.37569643239780176
2.5300000000000002;0.5969367847826759;-0.9738072311442532
2.54;0.5842561265476667;-1.5598198381203285
2.5500000000000003;0.5658000556242726;-2.1279390021271496
2.56;0.5417756660691466;-2.6725710322147016
2.57;0.5124447513900974;-3.1883787689774463
2.58;0.47812097888114663;-3.6703337229214035
2.59;0.43916653683475015;-4.113765326009721
2.6;0.39598835835061386;-4.51440545095042
2.61;0.349033867067916;-4.868429819244332
2.62;0.2987863521818849;-5.172494385012967
2.63;0.2457600143970152;-5.423766449778251
2.64;0.19049471008649121;-5.619951205579817
2.65;0.13355046686657232;-5.759312258175695
2.66;0.07550181859786813;-5.840686759305596
2.67;0.01693201881124725;-5.863494774222519
2.68;-0.04157281122391277;-5.827742647285889
2.69;-0.0994295372781405;-5.7340206677099
2.7;-0.1560638158469411;-5.583494823323584
2.71;-0.2109157864997804;-5.377892870517149
2.72;-0.26344559579134896;-5.1194848808755005
2.73;-0.31313870183360815;-4.811058425136719
2.74;-0.3595109033816165;-4.455888718394006
2.75;-0.4021130472047049;-4.05770401121227
2.7600000000000002;-0.4405353671568351;-3.6206466020247223
2.77;-0.47441141262900427;-3.149229881869421
2.7800000000000002;-0.5034215302951545;-2.648291846044514
2.79;-0.5272958645511467;-2.1229455548510043
2.8000000000000003;-0.5458168507155993;-1.5785270551771267
2.81;-0.5588211713987037;-1.020541253776738
2.82;-0.5662011750669718;-0.4546063933776256
2.83;-0.5679057227279477;0.11360245459893328
2.84;-0.5639404723759329;0.6784102013161948
2.85;-0.5543675995354761;1.234198320423522
2.86;-0.5393049473474074;1.7754606591005035
2.87;-0.518924630822111;2.2968578918214195
2.88;-0.4934511059578595;2.7932700988701518
2.89;-0.4631587186586507;3.259846938330573
2.9;-0.42836877281584806;3.6920549419885096
2.91;-0.3894461389078613;4.085721462236209
2.92;-0.3467954377635957;4.437074810540024
2.93;-0.3008568542452522;4.742780317584182
2.94;-0.2521016000078897;4.999971801545045
2.95;-0.20102709291248907;5.206278290525822
2.96;-0.14815189188222128;5.359845689843138
2.97;-0.09401044136148465;5.4593532065674815
2.98;-0.03914767905705757;5.504024388613141
2.99;0.01588643988544009;5.49363269523387
3.0;0.07054244700176973;5.428501560991507
3.0100000000000002;0.12427683767883893;5.3094989754645425
3.02;0.1765574638344838;5.138026661197873
3.0300000000000002;0.22686880659105466;4.916003946176563
3.04;0.2747170354726293;4.645846573940458
3.0500000000000003;0.3196348541142404;4.330440633471347
3.06;0.36118605342726956;3.973111897750278
3.0700000000000003;0.3989697369845493;3.5775908967461234
3.08;0.43262417723742075;3.1479741108055506
3.09;0.4618302649308348;2.688681671529642
3.1;0.4863145231044549;2.204411980288685
3.11;0.5058516516535816;1.700093744698694
3.12;0.5202665815754997;1.1808359012291958
3.13;0.5294360193648134;0.6518759623025283
3.14;0.5332894689334052;0.11852731452558855
3.15;0.5318097262680045;-0.41387411703170346
3.16;0.5250328371789365;-0.940023164671949
3.17;0.5130475250249027;-1.4546981784655535
3.18;0.4959940960243657;-1.9528127723492728
3.19;0.47406283402060767;-2.429465999929255
3.2;0.4474919033684157;-2.8799904906663687
3.21;0.4165647832357632;-3.2999980476164086
3.22;0.38160726012319446;-3.685422297543657
3.23;0.34298400684345354;-4.0325579198132955
3.24;0.30109480569299274;-4.33809630570366
3.25;0.2563703960027979;-4.599156737691624
3.2600000000000002;0.20926807345194093;-4.813313532485004
3.27;0.16026702244928387;-4.978618430052811
3.2800000000000002;0.10986344750090507;-5.093618077779033
3.29;0.058565557472453914;-5.1573665516684075
3.3000000000000003;0.0068884502379911;-5.16943276530127
3.31;-0.044651051073615944;-5.129902713959784
3.3200000000000003;-0.0955395586963756;-5.039376552866006
3.33;-0.14527222584828722;-4.898960559862854
3.34;-0.19335774680362033;-4.710254083584566
3.35;-0.2393232020062102;-4.475331626882918
3.36;-0.28271870048372594;-4.196720263623381
3.37;-0.3231217739388408;-3.8773726339694137
3.38;-0.3601414797079591;-3.520635805811135
3.39;-0.39342217549691927;-3.130216308900594
3.4;-0.42264692161987655;-2.7101417566124155
3.41;-0.447540489151028;-2.26471939146045
3.42;-0.46787193644258634;-1.7984920268950682
3.43;-0.4834567361495895;-1.3161918028220077
3.44;-0.4941584298008804;-0.822692241976738
3.45;-0.4998897966171569;-0.3229590881461756
3.46;-0.5006135267182437;0.1779995790960155
3.47;-0.4963423938584517;0.6751834764826645
3.48;-0.4871389275541131;1.1636498646374305
3.49;-0.4731145923757421;1.6385627122504138
3.5;-0.4544284797273233;2.0952404249754952
3.5100000000000002;-0.431285532115791;2.52920194062036
3.52;-0.40393431605234553;2.9362106023381527
3.5300000000000002;-0.3726643694731809;3.312315433194705
3.54;-0.33780315090235885;3.653889392245335
3.5500000000000003;-0.29971262278853145;3.957664249835371
3.56;-0.25878550508364156;4.220761739841825
3.5700000000000003;-0.2154412353337117;4.440720714237054
3.58;-0.17012167562312705;4.615520049053071
3.59;-0.12328662718093233;4.743596938704977
3.6;-0.07540916581848202;4.823860757750368
3.61;-0.026970873471033573;4.855702008193282
3.62;0.021542998079918718;4.83899647640063
3.63;0.06964838134342724;4.774104550490207
3.64;0.11686721382609677;4.661865674380372
3.65;0.16273218205260395;4.503588072207053
3.66;0.20679133836352623;4.301033830092795
3.67;0.24861254627947352;4.056399509745165
3.68;0.28778771066992126;3.7722925216140175
3.69;0.323936751139115;3.4517034753059295
3.7;0.35671128013466635;3.097974827169967
3.71;0.3857979504168934;2.7147661513398362
3.72;0.4109214401406716;2.3060163800618594
3.73;0.4318470462041901;1.8759034090460271
3.74;0.4483828624155714;1.4288014831561204
3.75;0.4603815222992886;0.9692367934232724
3.7600000000000002;0.46774149115808716;0.5018417393853509
3.77;0.4704078952684432;0.03130830916345806
3.7800000000000002;0.4683728827400781;-0.4376589450781816
3.79;0.46167551402927065;-0.9003898687422027
3.8000000000000003;0.4504011856902615;-1.352295137193218
3.81;0.434680593377399;-1.7889116972303287
3.8200000000000003;0.41468824743727273;-2.205946765239765
3.83;0.3906405590484576;-2.599319957137617
3.84;0.36279351346814004;-2.96520312352356
3.85;0.3314399605445607;-3.300057521523285
3.86;0.29690654746934225;-3.6006679507265815
3.87;0.25955032468416106;-3.864173498856939
3.88;0.2197550668755496;-4.088094681859898
3.89;0.177927343607555;-4.270356733309082
3.9;0.1344923550748721;-4.409308413559273
3.91;0.0898896393984106;-4.503737026023393
3.92;0.044568624055695776;-4.552878704036085
3.93;-0.0010158945891730123;-4.556424213012445
3.94;-0.046408309227223415;-4.514520216734993
3.95;-0.09115674485378569;-4.42776600679447
3.96;-0.13481755601116177;-4.297205714746218
3.97;-0.1769597107281832;-4.124316124332882
3.98;-0.21716904184616503;-3.9109902210188072
3.99;-0.25505230963275377;-3.659516653264292
4.0;-0.29024103919031424;-3.372555324882521
4.01;-0.3223950953443411;-3.0531093980090778
4.0200000000000005;-0.3512059611081076;-2.704493976694001
4.03;-0.3763996889137291;-2.330301798705139
4.04;-0.39773949526795943;-1.9343662839359714
4.05;-0.4150279682248445;-1.5207224119256937
4.0600000000000005;-0.4281088863474391;-1.0935656010192656
4.07;-0.43686860645165854;-0.6572092841733794
4.08;-0.441237029688866;-0.21604140421403742
4.09;-0.44118812535348867;0.2255196313456987
4.1;-0.4367400152100391;0.6630691334753454
4.11;-0.427954616400038;1.0922599824341064
4.12;-0.4149368488214438;1.5088458133691096
4.13;-0.39783341741691336;1.9087228730873647
4.14;-0.376831182251265;2.2879703890400322
4.15;-0.3521551357894181;2.642888952112864
4.16;-0.32406600635560334;2.9700365444268084
4.17;-0.29285751585558617;3.2662618051685572
4.18;-0.25885331902147374;3.5287343106275957
4.19;-0.2224036560812295;3.7549714960848832
4.2;-0.1838817552047062;3.9428620441007594
4.21;-0.14368001815863585;4.090685445301478
4.22;-0.10220603068850762;4.197127590098265
4.23;-0.05987843914860139;4.261292267615541
4.24;-0.01712272950843461;4.282708414618426
4.25;0.02563304167953944;4.261333131638461
4.26;0.06796252605248967;4.197550390904687
4.2700000000000005;0.10944532790632668;4.092165506895751
4.28;0.14967117264192123;3.946395423547453
4.29;0.18824395736583993;3.7618549368684917
4.3;0.22478564431284853;3.540539004214104
4.3100000000000005;0.25893995875653547;3.284801331721232
4.32;0.29037585398385485;2.9973294742092813
4.33;0.31879071236508316;2.6811167015740236
4.34;0.34391324915578053;2.3394309298431444
4.3500000000000005;0.3655060926944614;1.9757810388900787
4.36;0.3833680158563431;1.5938809221225247
4.37;0.39733579865537355;1.1976116302771453
4.38;0.40728570369050565;0.7909820098878496
4.39;0.4131345526960657;0.37808821507388934
4.4;0.41484039415700413;-0.03692749049027391
4.41;0.4124027567986067;-0.449918218320012
4.42;0.40586248888255017;-0.8567738276569408
4.43;0.3953011858080022;-1.253461762741269
4.44;0.38084021394439704;-1.6360669533463936
4.45;0.36263934334075587;-2.0008303413582618
4.46;0.34089499381192534;-2.344185957159792
4.47;0.3158381401767094;-2.662795360229617
4.48;0.2877318673724554;-2.9535802011272985
4.49;0.25686861539221706;-3.2137520080407587
4.5;0.22356714950742002;-3.4408385672684614
4.51;0.18816927617819484;-3.6327075483297815
4.5200000000000005;0.15103634158959875;-3.787586274587296
4.53;0.11254555084405958;-3.9040779932846794
4.54;0.07308614402657865;-3.981174339313768
4.55;0.03305546528574927;-4.018263784571123
4.5600000000000005;-0.007145030151819262;-4.01513619799689
4.57;-0.04711379654015307;-3.971983319291253
4.58;-0.08645320224506582;-3.889395227882704
4.59;-0.12477347817903417;-3.7683528966104234
4.6000000000000005;-0.1616965740383893;-3.610216838572316
4.61;-0.196859880997449;-3.4167120134426794
4.62;-0.22991978549203976;-3.189909189032055
4.63;-0.26055502068015846;-2.9322029082042507
4.64;-0.28846978008782437;-2.646286306522642
4.65;-0.31339656563229085;-2.335123077445
4.66;-0.33509874294431874;-2.0019168399066327
4.67;-0.35337277672159506;-1.650078223934854
4.68;-0.36805012837619394;-1.2831900426173553
4.69;-0.3789987980271528;-0.9049708804558774
4.7;-0.3861244935078302;-0.5192374618880692
4.71;-0.3893714203376006;-0.12986620599550772
4.72;-0.3887226856481585;0.25924566509652003
4.73;-0.384200308820853;0.6442190762577161
4.74;-0.3758648507136716;1.0212316995478627
4.75;-0.3638146513591693;1.3865558544669518
4.76;-0.3481847014472813;1.736595294451171
4.7700000000000005;-0.3291451487103728;2.0679205442016855
4.78;-0.3068994612725923;2.377302430799812
4.79;-0.2816822654348601;2.661743487003792
4.8;-0.2537568819054544;2.9185069058766375
4.8100000000000005;-0.2234125861446448;3.1451428097997707
4.82;-0.19096161903599704;3.339511518251121
4.83;-0.15673597964422994;3.499803596377437
4.84;-0.1210840495609612;3.62455683577373
4.8500000000000005;-0.08436702616280188;3.7126690204665684
4.86;-0.0469552931784205;3.763407785021643
4.87;-0.009224682944645195;3.776416370038597
4.88;0.028447292405139567;3.75171568422357
4.89;0.06568521244382224;3.6897025764288243
4.9;0.10211948429101839;3.59114437360356
4.91;0.13739000399971235;3.457169758456889
4.92;0.1711497098704399;3.289256070065009
4.93;0.203067991076301;3.0892131800687626
4.94;0.2328339186441075;2.8591641186643058
4.95;0.2601592674923318;2.6015226539662732
4.96;0.2847812999048369;2.3189680618498762
4.97;0.30646528372454823;2.0144173490234554
4.98;0.32500672128926517;1.690995215551068
4.99;0.34023326810330573;1.3520020631065024
5.0;0.35200632187334924;1.0008804015517803
5.01;0.36022227176710486;0.6411799289624571
5.0200000000000005;0.3648133905545042;0.2765217229217755
5.03;0.36574836734142563;-0.0894381588307141
5.04;0.36303247413884265;-0.45304527313837933
5.05;0.3567073674397158;-0.8106832228682775
5.0600000000000005;0.3468505282667831;-1.1588095310073476
5.07;0.333574343393118;-1.4939908810722944
5.08;0.31702484931728253;-1.8129365203613854
5.09;0.29738014045364125;-2.1125308258982534
5.1000000000000005;0.27484846437841914;-2.3898636211103437
5.11;0.24966602446979405;-2.642258245189397
5.12;0.22209451570676425;-2.8672974798579425
5.13;0.19241840970765775;-3.0628464837071956
5.14;0.16094202991872772;-3.227073028084165
5.15;0.12798643662202142;-3.358464536838078
5.16;0.09388615818476717;-3.455841882949664
5.17;0.05898580283770888;-3.518369840342693
5.18;0.023636580466874856;-3.545564011830584
5.19;-0.011807224704093351;-3.537294281348067
5.2;-0.04699179968328368;-3.4937846807152133
5.21;-0.08156732889679646;-3.4156097523368483
5.22;-0.11519146645755733;-3.3036874220664654
5.23;-0.14753271998766732;-3.159268464122515
5.24;-0.1782737130908227;-2.9839227085900917
5.25;-0.20711429380636304;-2.77952211694325
5.26;-0.23377445848533965;-2.548220897393045
5.2700000000000005;-0.25799706377134324;-2.292432905535871
5.28;-0.27955029982465257;-2.0148065408699507
5.29;-0.29822990057216475;-1.7181973962304125
5.3;-0.31386106919057943;-1.4056389434569307
5.3100000000000005;-0.3263001047588575;-1.0803115818493436
5.32;-0.33543571257519067;-0.7455103786516054
5.33;-0.3411899818419535;-0.4046116813728572
5.34;-0.34351903155197105;-0.061039187491493896
5.3500000000000005;-0.34241331028513167;0.28177043367730814
5.36;-0.33789755614285916;0.6204018078379672
5.37;-0.3300304115879555;0.9514948940404253
5.38;-0.31890370418262576;1.2717782242704958
5.39;-0.30464139852952105;1.5781011687737154
5.4;-0.28739823149590105;1.8674648945569972
5.41;-0.2673580468324676;2.1370516553205654
5.42;-0.2447318450584502;2.3842521622963915
5.43;-0.21975557154096417;2.606690757202874
5.44;-0.19268766399022694;2.8022482040853545
5.45;-0.16380638591610286;2.9690817725166445
5.46;-0.13340697187475242;3.1056425079081125
5.47;-0.10179861630937807;3.2106895127213853
5.48;-0.06930133530865079;3.283301095880233
5.49;-0.03624273070362503;3.32288268011003
5.5;-0.0029546946058021813;3.329171416580267
5.51;0.030229918736135657;3.3022375104451887
5.5200000000000005;0.0629806145964312;3.2424821584459047
5.53;0.0949725447591812;3.1506322507470887
5.54;0.12588972385747002;3.027731809144869
5.55;0.15542814509082276;2.875130315462069
5.5600000000000005;0.18329876382280813;2.6944680352120645
5.57;0.2092303201001749;2.4876584999143705
5.58;0.23297197261335725;2.2568683351631766
5.59;0.2542957186183168;2.0044946448006464
5.6000000000000005;0.27299857616598366;1.7331401884757334
5.61;0.2889045083558146;1.4455866062804232
5.62;0.30186607094734647;1.1447659717464864
5.63;0.31176576875020084;0.8337309511307588
5.64;0.3185171098070285;0.5156238403210609
5.65;0.3220653381613488;0.1936449592557897
5.66;0.3223878590490192;-0.12897955405502753
5.67;0.31949433326703025;-0.4490299974009896
5.68;0.3134264523117612;-0.763325193929053
5.69;0.3042573957899034;-1.068754061687434
5.7;0.29209097496565556;-1.3623063465626486
5.71;0.27706047534883843;-1.641102241209705
5.72;0.25932721004806336;-1.902420579630813
5.73;0.23907879951284358;-2.143725340595506
5.74;0.21652719557898348;-2.362690196432679
5.75;0.19190647088896695;-2.557220874291537
5.76;0.16547039609249695;-2.7254751089008953
5.7700000000000005;0.1374898306558211;-2.865880004346128
5.78;0.10824995499189227;-2.977146666211315
5.79;0.07804736818918255;-3.0582819009707114
5.8;0.047187084598748104;-3.1085969189932388
5.8100000000000005;0.015979459803361386;-3.1277129944099435
5.82;-0.015262921773912762;-3.1155642464363225
5.83;-0.046228391061885823;-3.0723963997372117
5.84;-0.07660926696727913;-2.9987638632762392
5.8500000000000005;-0.1061049381116087;-2.895522437067942
5.86;-0.13442481354101418;-2.763819842704974
5.87;-0.16129119049140356;-2.6050829866567544
5.88;-0.18644196702112326;-2.4210026727583194
5.89;-0.20963319578488795;-2.213515666417937
5.9;-0.23064144224277172;-1.9847844153869805
5.91;-0.24926593378689646;-1.7371745618595076
5.92;-0.2653304680034904;-1.4732305648650068
5.93;-0.2786850734219996;-1.1956496041162712
5.94;-0.28920739979146065;-0.907254076390807
5.95;-0.29680382797870775;-0.6109629510735299
5.96;-0.3014102888531002;-0.3097622772549742
5.97;-0.3029927840962856;-0.006675140448444972
5.98;-0.3015476053657021;0.2952686437659884
5.99;-0.29710124971072066;0.5930627335964371
6.0;-0.2897100356735559;0.883754177093276
6.01;-0.2794594221274087;1.1644726339257414
6.0200000000000005;-0.2664630399986595;1.432458671394917
6.03;-0.2508614466785838;1.6850908390676955
6.04;-0.2328206167686439;1.9199112544997825
6.05;-0.2125301857525072;2.1346494612495825
6.0600000000000005;-0.19020146435653548;2.327244319536392
6.07;-0.16606524508192216;2.4958637254476552
6.08;-0.14036942291593582;2.6389219649126447
6.09;-0.11337645517152824;2.7550945427413627
6.1000000000000005;-0.08536068621995191;2.8433303479076737
6.11;-0.05660556462875625;2.902861050471341
6.12;-0.02740077898365824;2.933207605699219
6.13;0.001960653525808008;2.9341839190569607
6.140000000000001;0.031185324003182496;2.905897496778216
6.15;0.05998235843812924;2.848747215998835
6.16;0.08806630823622316;2.763418196165527
6.17;0.11515997483075298;2.6508737930182975
6.18;0.1409971412265398;2.5123449177887305
6.19;0.16532518279501474;2.3493166715369633
6.2;0.18790753127897555;2.163512518820115
6.21;0.20852597125269784;1.9568761762755693
6.22;0.22698274129211207;1.731551318182713
6.23;0.24310242499972215;1.4898594242794183
6.24;0.25673361184397014;1.2342759188718273
6.25;0.2677503082346014;0.9674048507047166
6.26;0.2760530963581352;0.6919524425313716
6.2700000000000005;0.2815700173755356;0.41069969603776774
6.28;0.28425717915944454;0.1264743291950517
6.29;0.28409908277355594;-0.1578775727391779
6.3;0.28110866303751886;-0.4395200264277395
6.3100000000000005;0.27532704635869415;-0.7156553894182673
6.32;0.2668230276960355;-0.9835521065552375
6.33;0.25569227450594306;-1.2405716811656848
6.34;0.2420562654707779;-1.4841946012036322
6.3500000000000005;0.22606097591034857;-1.7120450146956956
6.36;0.20787532459051775;-1.9219138272822085
6.37;0.18768939749806046;-2.1117800682472962
6.38;0.16571246793087313;-2.2798302949640883
6.390000000000001;0.14217083350526055;-2.4244758501100807
6.4;0.11730549093881618;-2.544367801288039
6.41;0.09136967419673725;-2.6384094383015273
6.42;0.06462628157955218;-2.7057661992266677
6.43;0.03734521413482776;-2.745872948456653
6.44;0.009800657228475292;-2.758438535905669
6.45;-0.01773167084669397;-2.7434476050511973
6.46;-0.04497727454690524;-2.701159645960364
6.47;-0.07166561308709556;-2.6321053130277434
6.48;-0.09753278263676121;-2.5370800482053526
6.49;-0.12232412136716528;-2.4171350917610113
6.5;-0.14579671194099897;-2.273565982039387
6.51;-0.16772175703554273;-2.1078986592246247
6.5200000000000005;-0.1878868041631082;-1.9218733199064602
6.53;-0.2060977989254233;-1.71742622481501
6.54;-0.22218094757978596;-1.496669606899894
6.55;-0.23598436751247404;-1.261869887078059
6.5600000000000005;-0.2473795158045996;-1.0154244855249972
6.57;-0.25626237750930925;-0.7598373764210494
6.58;-0.26255440359680055;-0.4976936888153213
6.59;-0.266203195077055;-0.23163362288291495
6.6000000000000005;-0.2671829189278556;0.03567411388771441
6.61;-0.26549446006337213;0.3015590258849935
6.62;-0.26116530750790573;0.5633754639958758
6.63;-0.25424917028366856;0.8185289108111884
6.640000000000001;-0.24482534283610935;1.0645016471594297
6.65;-0.23299780742334042;1.2988775529252552
6.66;-0.21889410045677982;1.5193657938754574
6.67;-0.20266394653795425;1.7238231642371842
6.68;-0.1844776768687343;1.9102748688520688
6.69;-0.1645244485864089;2.0769335439131384
6.7;-0.14301028171879332;2.2222163055741793
6.71;-0.12015594509629711;2.344759821805103
6.72;-0.0961946828996943;2.443432878320535
6.73;-0.07136984823846605;2.5173468174082836
6.74;-0.04593243462594874;2.5658634283318844
6.75;-0.020138542322726494;2.5886003073190587
6.76;0.005753196189832711;2.585433643492039
6.7700000000000005;0.031484205456535415;2.5564984208768564
6.78;0.05679854551022894;2.5021860402587732
6.79;0.08144545143571498;2.4231393952584135
6.8;0.10518181606757153;2.320245455500383
6.8100000000000005;0.12777458206309306;2.1946254485249996
6.82;0.14900302606320773;2.0476227436402588
6.83;0.16866091052999713;1.8807885696089681
6.84;0.18655848237976444;1.6958657162396573
6.8500000000000005;0.20252429936629812;1.4947703911785044
6.86;0.2164068665312721;1.2795724199132437
6.87;0.22807606724682594;1.052473992882013
6.88;0.23742437538284916;0.8157871770755845
6.890000000000001;0.24436783710563822;0.5719104295611127
6.9;0.2488468146195302;0.3233043194276155
6.91;0.25082648408577685;0.07246673602827591
6.92;0.2502970809904444;-0.17809212532700872
6.93;0.2472739006770571;-0.42587487096852317
6.94;0.24179704464513044;-0.6684217619608619
6.95;0.23393092129121004;-0.9033350896662801
6.96;0.22376350753974364;-1.1283028430755069
6.97;0.21140537686928837;-1.3411214119050758
6.98;0.1969885063021777;-1.5397171305270572
6.99;0.18066487508158705;-1.7221664356844646
7.0;0.16260486964051749;-1.8867144522152879
7.01;0.14299551072107347;-2.031791815815575
7.0200000000000005;0.12203852239439376;-2.1560295845811357
7.03;0.09994826150387874;-2.258272086511514
7.04;0.07694952963467616;-2.3375875879152765
7.05;0.0532752903708208;-2.3932767042713117
7.0600000000000005;0.029164313238318775;-2.424878438195808
7.07;0.004858769517499513;-2.4321738256457675
7.08;-0.019398195813351338;-2.4151871023182934
7.09;-0.04336489243178903;-2.374184704771925
7.1000000000000005;-0.06680349185696408;-2.309671330524424
7.11;-0.08948238017620104;-2.222384077024156
7.12;-0.11117844078662316;-2.113284318503095
7.13;-0.13167925153929477;-1.9835470130485908
7.140000000000001;-0.15078515498314998;-1.8345482639191364
7.15;-0.16831120134765581;-1.667850730258504
7.16;-0.1840889325949155;-1.4851873276767231
7.17;-0.19796799694593875;-1.2884432600984679
7.18;-0.20981757563353923;-1.07963661698018
7.19;-0.21952761031693382;-0.8608977079168498
7.2;-0.22700981631144002;-0.6344473842154554
7.21;-0.23219847695926144;-0.4025745239513695
7.22;-0.23505100810792415;-0.16761294519930578
7.23;-0.23554829098477956;0.06808205150152574
7.24;-0.2336947690485972;0.30215725534901744
7.25;-0.22951830955138217;0.5322850019417787
7.26;-0.22306983208989575;0.7561862902486488
7.2700000000000005;-0.21442270872343885;0.9716532977576948
7.28;-0.20367194306876776;1.1765711163578352
7.29;-0.1909331364271209;1.368938473718841
7.3;-0.17634125280507046;1.54688723317211
7.3100000000000005;-0.1600491957294178;1.7087005021296295
7.32;-0.14222621210288602;1.8528291399976795
7.33;-0.12305613908389733;1.9779065354614795
7.34;-0.10273551271013946;2.0827615051139534
7.3500000000000005;-0.08147155741340649;2.166429192993016
7.36;-0.05948007709359003;2.2281598698566305
7.37;-0.03698326883282975;2.2674255500098726
7.38;-0.014207481366059135;2.2839243645145126
7.390000000000001;0.008619057901487637;2.2775826770940752
7.4;0.03126852665478022;2.2485549071546727
7.41;0.05351577787267345;2.197221072960938
7.42;0.07514057390922205;2.124182104970313
7.43;0.09592976339665311;2.0302529766523962
7.44;0.11567937832782652;1.91645371539571
7.45;0.13419663105383234;1.783998413996136
7.46;0.15130179255484127;1.634282356372528
7.47;0.16682993222677225;1.468867373130046
7.48;0.18063250348887191;1.2894656061362189
7.49;0.19257876006421418;1.0979218385969547
7.5;0.2025569860723863;0.8961945377377878
7.51;0.2104755388232142;0.6863359377784426
7.5200000000000005;0.21626367866762297;0.4704711497426939
7.53;0.21987219272738404;0.25077669052536067
7.54;0.2212737990808281;0.029458575959736527
7.55;0.22046333141233757;-0.19126978091854668
7.5600000000000005;0.21745770224567562;-0.4092096957365873
7.57;0.21229564578653648;-0.6221990715837793
7.58;0.20503724506294732;-0.8281338059948611
7.59;0.19576324734040068;-1.024988526903802
7.6000000000000005;0.18457417652508876;-1.2108365111057797
7.61;0.17158925203761682;-1.3838684764878881
7.62;0.15694512468863514;-1.542410159322358
7.63;0.14079444494380733;-1.684938465587648
7.640000000000001;0.12330427711001192;-1.8100960755984088
7.65;0.10465437572273736;-1.9167042982529976
7.66;0.085035341339717;-2.0037741128380424
7.67;0.06464667809969432;-2.070515282594949
7.68;0.043694768920855206;-2.1163434390647238
7.69;0.022390788199567566;-2.140885079873617
7.7;0.0009485783762308415;-2.143980457816102
7.71;-0.020417492547872024;-2.1256843222194237
7.72;-0.04149467251603306;-2.08626451168588
7.73;-0.062073939475054;-2.026198434296858
7.74;-0.08195207012098696;-1.9461674725213345
7.75;-0.10093364445362539;-1.8470493720948395
7.76;-0.11883296300277152;-1.729908706338788
7.7700000000000005;-0.13547585910573168;-1.5959855143778212
7.78;-0.1507013900784166;-1.446682235595212
7.79;-0.16436338960315733;-1.2835490781822885
7.8;-0.17633186575672508;-1.1082679674504465
7.8100000000000005;-0.18649423291533232;-0.9226352509973358
7.82;-0.19475636488100714;-0.7285433286657902
7.83;-0.20104345982246558;-0.5279613983874973
7.84;-0.2053007090180602;-0.32291551393754475
7.8500000000000005;-0.20749376357523036;-0.11546815407573899
7.86;-0.2076089952801248;0.09230248891076073
7.87;-0.20565354973926986;0.2983232955644288
7.88;-0.2016551922057496;0.5005468710388288
7.890000000000001;-0.19566194850189025;0.6969718584508058
7.9;-0.18774154515771946;0.8856627123212835
7.91;-0.1779806554062584;1.064768736386092
7.92;-0.16648395925343262;1.2325421998134514
7.930000000000001;-0.15337302768564987;1.387355352375874
7.94;-0.1387850433213507;1.5277161801447805
7.95;-0.12287136978405226;1.6522827389570065
7.96;-0.10579598585322886;1.759875937676258
7.97;-0.08773379988211037;1.8494906459945566
7.98;-0.06886886209653661;1.9203050222632967
7.99;-0.04939249283800877;1.9716879769379503
8.0;-0.029501345718271448;2.003204704370531
8.01;-0.009395425335703582;2.0146202350295384
8.02;0.010723920483277874;2.00590098073
8.03;0.030656013822638127;1.9772142656219223
8.040000000000001;0.05020284506596012;1.9289258557135744
8.05;0.0691710367965652;1.8615955193534506
8.06;0.08737375359844993;1.7759706708791834
8.07;0.10463253900886194;1.6729781684898641
8.08;0.12077906155960567;1.553714355678545
8.09;0.13565675291751256;1.4194334522657501
8.1;0.14912232200642303;1.2715344193998932
8.11;0.1610471310274757;1.1115464309884695
8.120000000000001;0.17131842028051894;0.9411130998646347
8.13;0.1798403686728729;0.7619756311751641
8.14;0.18653498120497897;0.5759550782313811
8.15;0.19134279569473958;0.3849338645333956
8.16;0.19422340212741282;0.1908367625751705
8.17;0.19515576947637953;-0.004388469246753981
8.18;0.19413837793644056;-0.19879061406553958
8.19;0.19118915565015288;-0.39043441583479105
8.2;0.1863452235164271;-0.5774198754953328
8.21;0.1796624474286489;-0.7579010220727966
8.22;0.17121480682518928;-0.9301041150463836
8.23;0.1610935845027081;-1.0923450407637711
8.24;0.14940638733111786;-1.2430457483706998
8.25;0.1362760083820977;-1.3807495591065504
8.26;0.12183914387587767;-1.504135186397856
8.27;0.10624496422480206;-1.6120294940344868
8.28;0.08965359217549725;-1.703418409319029
8.290000000000001;0.07223445191424004;-1.7774565036388408
8.3;0.05416454738411081;-1.8334747556967332
8.31;0.035626665032189454;-1.8709865005449382
8.32;0.01680752718524673;-1.8896915425258236
8.33;-0.0021040839611230866;-1.8894784519198533
8.34;-0.020919218823753197;-1.8704248755957158
8.35;-0.03945064314317853;-1.8327960225811462
8.36;-0.05751469969442361;-1.7770412690559407
8.370000000000001;-0.07493312434074191;-1.703788940492073
8.38;-0.09153480310022943;-1.6138393481779372
8.39;-0.10715744918603537;-1.508156085719348
8.4;-0.1216491864364407;-1.3878558149654472
8.41;-0.13487002200955264;-1.2541964851759522
8.42;-0.14669319473840223;-1.1085642336907577
8.43;-0.15700638739881206;-0.9524590659102562
8.44;-0.16571278721012878;-0.7874794218479958
8.45;-0.17273199256203164;-0.6153058723749584
8.46;-0.17800074141408875;-0.4376839634967607
8.47;-0.1814734848243446;-0.25640664850455763
8.48;-0.1831227635747492;-0.07329620313583737
8.49;-0.1829394104997514;0.10981415579841225
8.5;-0.18093256983281622;0.2910985182694894
8.51;-0.17712953318321858;0.46875641932552137
8.52;-0.17157539344961992;0.6410308167940484
8.53;-0.16433252530775627;0.8062253138956859
8.540000000000001;-0.15547989406073123;0.9627209039398085
8.55;-0.14511220187135068;1.1089917898937685
8.56;-0.13333888029389945;1.2436202098867557
8.57;-0.12028294097516215;1.3653101704052144
8.58;-0.10607969408971436;1.4728998618094766
8.59;-0.09087535049193605;1.5653727195550562
8.6;-0.07482551989238993;1.6418669770609353
8.61;-0.05809362183658869;1.7016836430651427
8.620000000000001;-0.04084922479512476;1.7442928199253127
8.63;-0.023266330842198077;1.7693383137408858
8.64;-0.005521622809824369;1.7766404924617356
8.65;0.012207308193092872;1.7661973723358289
8.66;0.029743737335480854;1.7381839285947929
8.67;0.046913564861089566;1.6929496441752945
8.68;0.0635470416770465;1.6310143280942038
8.69;0.07948044463786812;1.5530622522476396
8.700000000000001;0.09455768512086368;1.4599346714633488
8.71;0.10863183500016547;1.3526208082114852
8.72;0.1215665552810258;1.2322473971678936
8.73;0.1332374132744605;1.100066901122754
8.74;0.14353307589326092;0.9574445200057246
8.75;0.15235636753187667;0.8058441274252035
8.76;0.15962518258564018;0.6468132792504807
8.77;0.1652732439536131;0.4819674493640433
8.78;0.16925070076261817;0.3129736506908642
8.790000000000001;0.1715245608192203;0.1415335834582884
8.8;0.17207894984464006;-0.03063342665442098
8.81;0.17091520388834075;-0.20180767713740783
8.82;0.16805178627938158;-0.3702862290602948
8.83;0.16352403520303505;-0.534399823262613
8.84;0.1573837442384212;-0.6925293932593719
8.85;0.1496985798678354;-0.8431220042877476
8.86;0.14055134353019944;-0.9847060778709666
8.870000000000001;0.13003908545684031;-1.1159057406721327
8.88;0.11827207984867252;-1.2354541606701066
8.89;0.10537267305296882;-1.3422057481451406
8.9;0.09147401479486025;-1.4351470916860045
8.91;0.07671868740530602;-1.5134065349785353
8.92;0.06125724667548855;-1.5762623073097812
8.93;0.04524668862672734;-1.62314912321974
8.94;0.02884885800831032;-1.653663186200269
8.950000000000001;0.012228814702957514;-1.6675655177166877
8.96;-0.004446820555297063;-1.6647839901267516
8.97;-0.02101154604527462;-1.6454127611231986
8.98;-0.037300623077039935;-1.60971129562079
8.99;-0.05315272336956199;-1.5581007645018865
9.0;-0.06841151804368052;-1.4911593331241195
9.01;-0.08292721955094438;-1.4096157197601458
9.02;-0.09655804781720104;-1.31434134709088
9.03;-0.10917161259653574;-1.2063410770181853
9.040000000000001;-0.12064619597767616;-1.086742658965017
9.05;-0.1308719235326515;-0.9567849939960259
9.06;-0.1397518126399646;-0.8178053376406643
9.07;-0.14720268795630612;-0.6712255752696962
9.08;-0.1531559575588009;-0.5185376808117921
9.09;-0.15755823419133888;-0.36128860937155965
9.1;-0.16037181151879568;-0.20106461028980277
9.11;-0.16157497533710016;-0.03947526972241314
9.120000000000001;-0.16116215659822733;0.12186263906789835
9.13;-0.15914392311656336;0.28134130642602767
9.14;-0.15554680898715648;0.4373778789026307
9.15;-0.15041298647747117;0.5884301452304368
9.16;-0.14379978313969924;0.7330117536629621
9.17;-0.1357790495282792;0.869706807744922
9.18;-0.1264363850354556;0.9971837071291751
9.19;-0.1158702292481654;1.1142080878142266
9.200000000000001;-0.1041908289286405;1.2196547416356591
9.21;-0.09151909188533691;1.3125184040263986
9.22;-0.07798533847487357;1.3919232965971076
9.23;-0.06372796337900687;1.4571313164156536
9.24;-0.04889202957622738;1.5075489650344935
9.25;-0.033627783743398545;1.5427325063231494
9.26;-0.018089146151805673;1.562391908808402
9.27;-0.0024321589016641446;1.5663931016274586
9.28;0.013186578452962193;1.5547586981515795
9.290000000000001;0.02861147275696426;1.5276671344543178
9.3;0.04368948546331088;1.4854502638213551
9.31;0.058271647654679834;1.4285894410661835
9.32;0.07221452961171669;1.3577101248297547
9.33;0.08538164891388565;1.2735750653970666
9.34;0.0976448036816283;1.1770761505981095
9.35;0.10888531791541789;1.069224996576956
9.36;0.11899518685502478;0.9511423822350388
9.370000000000001;0.12787811142522093;0.8240466366631868
9.38;0.1354504115991329;0.6892411026002182
9.39;0.14164181057065536;0.5481007999368873
9.4;0.14639608205512372;0.40205842786808793
9.41;0.14967155485045214;0.25258984855967553
9.42;0.15144147010015882;0.10119920640287089
9.43;0.15169418980172522;-0.05059623019678222
9.44;0.150433249916158;-0.20128117092869766
9.450000000000001;0.14767726661059052;-0.3493574617477812
9.46;0.14345968966933684;-0.49335893377328044
9.47;0.1378284104262788;-0.6318659162326241
9.48;0.1308452258845624;-0.7635191898938054
9.49;0.12258516730645236;-0.8870333096886547
9.5;0.11313569879486049;-1.0012091182842346
9.51;0.10259579599949109;-1.1049453665863136
9.52;0.0910749127816468;-1.197249301865072
9.53;0.0786918479980743;-1.2772461312934733
9.540000000000001;0.06557352397262364;-1.3441872805230004
9.55;0.05185368809239701;-1.3974573505537913
9.56;0.0376715518680256;-1.4365797219371628
9.57;0.023170380930152855;-1.4612207507029533
9.58;0.00849605052651978;-1.4711925354007926
9.59;-0.006204419795840375;-1.4664542039682908
9.6;-0.020784336798394268;-1.447111727188951
9.61;-0.035098793667586066;-1.4134162222582511
9.620000000000001;-0.049006112925847486;-1.365761165296882
9.63;-0.062369239387510565;-1.304677303332371
9.64;-0.07505709169406802;-1.2308274592285544
9.65;-0.08694584651838992;-1.1449989472190634
9.66;-0.09792014211661704;-1.0480954698311848
9.67;-0.10787419677677251;-0.9411275233735461
9.68;-0.11671282423047692;-0.8252019416342473
9.69;-0.12435234106755741;-0.7015104587728775
9.700000000000001;-0.1307213548581023;-0.5713174918129477
9.71;-0.1357614275710319;-0.43594724265078183
9.72;-0.13942760630314746;-0.2967702530339619
9.73;-0.1416888177566012;-0.1551895525571559
9.74;-0.14252812225593925;-0.012626538345029512
9.75;-0.14194282673562444;0.12949327305392203
9.76;-0.1399444546722463;0.2697544680563007
9.77;-0.13655857394642715;0.4067658355473463
9.78;-0.1318244861973057;0.5391741071811555
9.790000000000001;-0.12579478216928952;0.6656772765130221
9.8;-0.11853475893316658;0.7850375164896571
9.81;-0.11012172322418703;0.896093102588509
9.82;-0.10064416970348096;0.9977697636091012
9.83;-0.09020085500228589;1.089091041490148
9.84;-0.07889977751300928;1.1691876918470414
9.85;-0.06685704730827743;1.2373057913222432
9.86;-0.05419571181263641;1.292813899594459
9.870000000000001;-0.041044496104999814;1.33520884954347
9.88;-0.027536496241189052;1.364120239600601
9.89;-0.013807834589762988;1.3793136022702386
9.9;3.709869224358467e-06;1.3806921932137914
9.91;0.01376008208147104;1.3682974153698546
9.92;0.027324326893012733;1.3423078426053814
9.93;0.04056195263785299;1.3030369107485542
9.94;0.05334226137851844;1.2509292412818207
9.950000000000001;0.0655396371066942;1.18655567959667
9.96;0.07703477807401579;1.110607104603395
9.97;0.08771586143678498;1.0238870631149906
9.98;0.0974796283079305;0.9273033032033262
9.99;0.106232379227807;0.8218583069594312
